Jen,Demerle,jdemerle@allego.com,Admin
allego,allego,admin@allego.com,Superuser
S4,Chalimadugu,sc4@dev,
S3,Chalimadugu,sc3@dev,
EdAdmin,Chin,echin.prod@dev,-
Deandre,Dark,ablack2@dev,Alter Ego
Jason,Doe,jasondoe,-
Ed 陈,Chin,echin.qa@dev,-
Barry,Neagle,bneagle@allego.com,Sales
Benjamin,Lee,ben,Son
Andre,Black,ablack@dev,Head of Products
